"","year","station_maybe","Value","SsnDtr","Fit","FitDtr","Num","Source"
"1","1989","0411",0,0,-65.2609,-59.5671,0,"altt"
"2","1989","126",0,0,-77.2826,-60.4866,0,"altt"
"3","1989","2027",0,0,-85.4673,-61.317,0,"altt"
"4","1989","2877",0,0,-86.3349,-62.2364,0,"altt"
"5","1989","3699",0,0,-77.5951,-63.1262,0,"altt"
"6","1989","4548",0,0,-63.1061,-64.0456,0,"altt"
"7","1989","537",0,0,-50.974,-64.9353,0,"altt"
"8","1989","6219",0,0,-45.5739,-65.8547,0,"altt"
"9","1989","7068",0,0,-47.3261,-66.7742,0,"altt"
"10","1989","789",0,0,-52.43,-67.6639,0,"altt"
"11","1989","874",-64.097,-74.0984,-58.5819,-68.5833,1,"altt"
"12","1989","9562",-60.7715,-64.4476,-65.7974,-69.4735,1,"altt"
"13","1990","0411",0,0,-76.092,-70.3983,0,"altt"
"14","1990","126",0,0,-88.1262,-71.3302,0,"altt"
"15","1990","2027",0,0,-96.3294,-72.1791,0,"altt"
"16","1990","2877",0,0,-97.2268,-73.1283,0,"altt"
"17","1990","3699",0,0,-88.5264,-74.0575,0,"altt"
"18","1990","4548",0,0,-74.0904,-75.0298,0,"altt"
"19","1990","537",0,0,-62.0226,-75.9839,0,"altt"
"20","1990","6219",0,0,-56.7039,-76.9847,0,"altt"
"21","1990","7068",0,0,-58.5539,-78.0019,0,"altt"
"22","1990","789",0,0,-63.7695,-79.0033,0,"altt"
"23","1990","874",0,0,-70.0555,-80.057,0,"altt"
"24","1990","9562",0,0,-77.42,-81.0961,0,"altt"
"25","1991","0411",0,0,-87.8852,-82.1915,0,"altt"
"26","1991","126",0,0,-100.106,-83.31,0,"altt"
"27","1991","2027",0,0,-108.4917,-84.3414,0,"altt"
"28","1991","2877",-107.6823,-83.5838,-109.6063,-85.5078,1,"altt"
"29","1991","3699",-98.2195,-83.7506,-101.1313,-86.6624,2,"altt"
"30","1991","4548",-92.2505,-93.1899,-86.9424,-87.8818,1,"altt"
"31","1991","537",-74.5614,-88.5227,-75.114,-89.0753,2,"altt"
"32","1991","6219",-66.3853,-86.6661,-70.028,-90.3088,3,"altt"
"33","1991","7068",-74.8788,-94.3269,-72.0787,-91.5268,1,"altt"
"34","1991","789",-73.3695,-88.6033,-77.4287,-92.6625,1,"altt"
"35","1991","874",-84.8354,-94.8369,-83.7586,-93.76,2,"altt"
"36","1991","9562",-90.5202,-94.1963,-91.0402,-94.7164,2,"altt"
"37","1992","041",-107.5553,-101.8758,-101.2409,-95.5614,2,"altt"
"38","1992","1257",-116.2517,-99.4982,-112.9905,-96.237,1,"altt"
"39","1992","2049",-126.3086,-102.0347,-120.9836,-96.7097,2,"altt"
"40","1992","2896",-126.3441,-102.3707,-121.0201,-97.0467,2,"altt"
"41","1992","3716",-114.462,-100.2739,-111.4195,-97.2314,2,"altt"
"42","1992","4563",-89.9001,-91.1134,-96.1258,-97.3391,2,"altt"
"43","1992","5383",-77.1969,-91.3121,-83.3236,-97.4388,2,"altt"
"44","1992","623",-79.4678,-99.776,-77.2803,-97.5885,3,"altt"
"45","1992","7077",-78.0882,-97.5052,-78.3896,-97.8066,2,"altt"
"46","1992","7896",-77.9836,-93.1837,-82.9043,-98.1045,2,"altt"
"47","1992","8743",-88.199,-98.1777,-88.5458,-98.5245,2,"altt"
"48","1992","9563",-94.5615,-98.2266,-95.3817,-99.0468,3,"altt"
"49","1993","0411",-99.1668,-93.4731,-105.4049,-99.7111,1,"altt"
"50","1993","126",-114.7406,-97.9445,-117.3017,-100.5057,2,"altt"
"51","1993","2027",-123.0988,-98.9485,-125.4653,-101.315,2,"altt"
"52","1993","2877",-130.0586,-105.9601,-126.3761,-102.2776,3,"altt"
"53","1993","3699",-116.7923,-102.3234,-117.6988,-103.2298,2,"altt"
"54","1993","4548",-101.538,-102.4774,-103.2592,-104.1987,2,"altt"
"55","1993","537",-85.5493,-99.5106,-91.1351,-105.0964,2,"altt"
"56","1993","6219",-93.6998,-113.9806,-85.6658,-105.9466,4,"altt"
"57","1993","7068",-89.8539,-109.302,-87.2268,-106.6749,3,"altt"
"58","1993","789",-90.0833,-105.3172,-92.0382,-107.2721,2,"altt"
"59","1993","874",-96.8952,-106.8967,-97.8131,-107.8145,2,"altt"
"60","1993","9562",-105.3294,-109.0055,-104.6266,-108.3027,2,"altt"
"61","1994","0411",-113.0187,-107.325,-114.4979,-108.8041,2,"altt"
"62","1994","126",-125.9655,-109.1695,-126.1321,-109.336,2,"altt"
"63","1994","2027",-132.3063,-108.156,-134.0145,-109.8642,3,"altt"
"64","1994","2877",-134.7237,-110.6252,-134.6139,-110.5154,2,"altt"
"65","1994","3699",-130.9512,-116.4823,-125.6857,-111.2168,2,"altt"
"66","1994","4548",-100.7775,-101.7169,-111.0877,-112.0271,1,"altt"
"67","1994","537",-95.4,-109.3613,-98.9604,-112.9217,2,"altt"
"68","1994","6219",-88.6517,-108.9325,-93.693,-113.9738,3,"altt"
"69","1994","7068",-94.3937,-113.8418,-95.697,-115.1451,3,"altt"
"70","1994","789",-104.5488,-119.7826,-101.1152,-116.3491,2,"altt"
"71","1994","874",-105.0526,-115.054,-107.6063,-117.6077,2,"altt"
"72","1994","9562",-114.0369,-117.7131,-115.1165,-118.7927,3,"altt"
"73","1995","0411",-137.3154,-131.6216,-125.6216,-119.9278,2,"altt"
"74","1995","126",-140.2022,-123.4062,-137.7083,-120.9123,2,"altt"
"75","1995","2027",-142.4966,-118.3463,-145.8066,-121.6563,1,"altt"
"76","1995","2877",-149.5798,-125.4813,-146.4261,-122.3276,2,"altt"
"77","1995","3699",-138.0103,-123.5414,-137.3017,-122.8328,2,"altt"
"78","1995","4548",-121.1037,-122.0432,-122.2852,-123.2247,3,"altt"
"79","1995","537",-109.1763,-123.1376,-109.5382,-123.4996,2,"altt"
"80","1995","6219",-103.6232,-123.904,-103.409,-123.6898,2,"altt"
"81","1995","7068",-106.4054,-125.8535,-104.3472,-123.7953,3,"altt"
"82","1995","789",-107.16,-122.3939,-108.5986,-123.8324,2,"altt"
"83","1995","874",-115.0759,-125.0773,-113.8307,-123.8321,3,"altt"
"84","1995","9562",-122.9468,-126.623,-120.1421,-123.8183,1,"altt"
"85","1996","041",-127.5225,-121.843,-129.4983,-123.8188,2,"altt"
"86","1996","1257",-139.8247,-123.0713,-140.6246,-123.8711,2,"altt"
"87","1996","2049",-143.1146,-118.8408,-148.2694,-123.9956,2,"altt"
"88","1996","2896",-148.1442,-124.1708,-148.202,-124.2286,2,"altt"
"89","1996","3716",-137.2298,-123.0417,-138.7432,-124.5551,3,"altt"
"90","1996","4563",-123.599,-124.8123,-123.7758,-124.9892,2,"altt"
"91","1996","5383",-110.9609,-125.0761,-111.367,-125.4822,2,"altt"
"92","1996","623",-102.0253,-122.3335,-105.7406,-126.0488,4,"altt"
"93","1996","7077",-116.5855,-136.0025,-107.2331,-126.6501,3,"altt"
"94","1996","7896",-107.673,-122.8731,-112.0297,-127.2298,2,"altt"
"95","1996","8743",-116.6962,-126.6749,-117.8444,-127.8231,3,"altt"
"96","1996","9563",-128.3859,-132.0511,-124.7206,-128.3858,2,"altt"
"97","1997","0411",-133.8815,-128.1877,-134.6404,-128.9467,2,"altt"
"98","1997","126",-145.9833,-129.1872,-146.2835,-129.4874,2,"altt"
"99","1997","2027",-151.822,-127.6717,-154.111,-129.9607,2,"altt"
"100","1997","2877",-156.0018,-131.9032,-154.5653,-130.4668,2,"altt"
"101","1997","3699",-150.8792,-136.4103,-145.4029,-130.934,3,"altt"
"102","1997","4548",-123.039,-123.9784,-130.4581,-131.3976,2,"altt"
"103","1997","537",-119.1475,-133.1088,-117.8922,-131.8535,1,"altt"
"104","1997","6219",-111.4866,-131.7675,-112.065,-132.3458,2,"altt"
"105","1997","7068",-115.1215,-134.5696,-113.4123,-132.8604,3,"altt"
"106","1997","789",-112.9876,-128.2215,-118.1485,-133.3823,1,"altt"
"107","1997","874",-121.8531,-131.8546,-123.9497,-133.9512,2,"altt"
"108","1997","9562",-129.5143,-133.1905,-130.8512,-134.5274,2,"altt"
"109","1998","0411",-141.0876,-135.3938,-140.8287,-135.135,2,"altt"
"110","1998","126",-149.0435,-132.2474,-152.5305,-135.7345,2,"altt"
"111","1998","2027",-163.8085,-139.6582,-160.3997,-136.2493,2,"altt"
"112","1998","2877",-165.7358,-141.6373,-160.8562,-136.7577,1,"altt"
"113","1998","3699",-156.3632,-141.8943,-151.6367,-137.1677,2,"altt"
"114","1998","4548",-135.2829,-136.2223,-136.5618,-137.5013,2,"altt"
"115","1998","537",-123.7808,-137.7421,-123.7842,-137.7455,1,"altt"
"116","1998","6219",-118.6394,-138.9202,-117.6467,-137.9275,2,"altt"
"117","1998","7068",-120.9094,-140.3575,-118.6037,-138.0518,3,"altt"
"118","1998","789",-123.3711,-138.605,-122.9031,-138.1369,2,"altt"
"119","1998","874",-124.4002,-134.4017,-128.2184,-138.2199,2,"altt"
"120","1998","9562",-137.1741,-140.8502,-134.646,-138.3221,2,"altt"
"121","1999","0411",-148.0339,-142.3402,-144.1638,-138.47,2,"altt"
"122","1999","126",-154.3401,-137.544,-155.4857,-138.6896,2,"altt"
"123","1999","2027",-155.1461,-130.9958,-163.1424,-138.9921,2,"altt"
"124","1999","2877",-160.003,-135.9045,-163.583,-139.4845,1,"altt"
"125","1999","3699",-153.6044,-139.1355,-154.598,-140.129,2,"altt"
"126","1999","4548",-136.1037,-137.0432,-140.0222,-140.9616,2,"altt"
"127","1999","537",-129.7774,-143.7387,-127.9492,-141.9105,3,"altt"
"128","1999","6219",-126.8965,-147.1773,-122.7241,-143.0049,3,"altt"
"129","1999","7068",-126.8268,-146.2749,-124.7441,-144.1922,2,"altt"
"130","1999","789",-124.7661,-140,-130.2029,-145.4368,1,"altt"
"131","1999","874",-133.8729,-143.8744,-136.8407,-146.8422,2,"altt"
"132","1999","9562",-139.1563,-142.8325,-144.6536,-148.3298,2,"altt"
"133","2000","041",-152.1167,-146.4372,-155.6715,-149.992,2,"altt"
"134","2000","1257",-168.4151,-151.6616,-168.5031,-151.7496,2,"altt"
"135","2000","2049",-177.6142,-153.3403,-177.7131,-153.4392,3,"altt"
"136","2000","2896",-179.7025,-155.7292,-179.216,-155.2427,2,"altt"
"137","2000","3716",-178.3386,-164.1505,-171.1203,-156.9322,2,"altt"
"138","2000","4563",-155.4208,-156.6341,-157.3523,-158.5656,2,"altt"
"139","2000","5383",-151.7545,-165.8697,-145.8837,-159.999,2,"altt"
"140","2000","623",-144.2095,-164.5176,-140.9972,-161.3054,2,"altt"
"141","2000","7077",-144.0926,-163.5097,-143.0248,-162.4419,3,"altt"
"142","2000","7896",-148.1946,-163.3947,-148.2083,-163.4084,2,"altt"
"143","2000","8743",-154.3501,-164.3288,-154.3258,-164.3045,2,"altt"
"144","2000","9563",-157.4799,-161.1451,-161.439,-165.1042,2,"altt"
"145","2001","0411",-170.5885,-164.8948,-171.5838,-165.89,2,"altt"
"146","2001","126",-179.7069,-162.9108,-183.4488,-166.6527,2,"altt"
"147","2001","2027",-189.9777,-165.8274,-191.4753,-167.325,3,"altt"
"148","2001","2877",-194.1605,-170.062,-192.1386,-168.0401,2,"altt"
"149","2001","3699",-187.4047,-172.9357,-183.1542,-168.6853,2,"altt"
"150","2001","4548",-164.5893,-165.5288,-168.3495,-169.289,2,"altt"
"151","2001","537",-163.6119,-177.5732,-155.8496,-169.8109,1,"altt"
"152","2001","6219",-152.7607,-173.0415,-150.0007,-170.2815,3,"altt"
"153","2001","7068",-150.1007,-169.5488,-151.2449,-170.693,2,"altt"
"154","2001","789",-158.1581,-173.392,-155.8289,-171.0627,2,"altt"
"155","2001","874",-157.5894,-167.5908,-161.4426,-171.444,2,"altt"
"156","2001","9562",-176.3265,-180.0027,-168.1683,-171.8444,2,"altt"
"157","2002","0411",0,0,-178.0234,-172.3297,0,"altt"
"158","2002","126",-181.4453,-164.6493,-189.7441,-172.948,2,"altt"
"159","2002","2027",-187.8251,-163.6748,-197.8136,-173.6633,2,"altt"
"160","2002","2877",-193.2686,-169.1701,-198.7445,-174.6459,2,"altt"
"161","2002","3699",-187.9134,-173.4445,-190.231,-175.7621,2,"altt"
"162","2002","4548",-180.3729,-181.3123,-176.0785,-177.0179,2,"altt"
"163","2002","537",-168.0069,-181.9682,-164.3003,-178.2616,2,"altt"
"164","2002","6219",-165.0573,-185.3381,-159.2417,-179.5226,3,"altt"
"165","2002","7068",-157.4195,-176.8675,-161.2773,-180.7254,2,"altt"
"166","2002","789",-171.8305,-187.0643,-166.5947,-181.8286,2,"altt"
"167","2002","874",-168.3274,-178.3289,-172.9033,-182.9048,2,"altt"
"168","2002","9562",-175.7848,-179.461,-180.2139,-183.89,2,"altt"
"169","2003","0411",-191.2117,-185.5179,-190.533,-184.8393,3,"altt"
"170","2003","126",-205.5408,-188.7447,-202.4953,-185.6992,2,"altt"
"171","2003","2027",-209.1628,-185.0125,-210.5377,-186.3874,2,"altt"
"172","2003","2877",-218.3039,-194.2054,-211.1432,-187.0447,2,"altt"
"173","2003","3699",-209.2194,-194.7505,-202.0422,-187.5732,2,"altt"
"174","2003","4548",-179.6528,-180.5923,-187.0951,-188.0346,2,"altt"
"175","2003","537",-178.4369,-192.3982,-174.4934,-188.4547,2,"altt"
"176","2003","6219",-166.7018,-186.9826,-168.6195,-188.9003,1,"altt"
"177","2003","7068",-169.8498,-189.2979,-169.9493,-189.3974,2,"altt"
"178","2003","789",-171.3838,-186.6176,-174.7318,-189.9656,2,"altt"
"179","2003","874",-172.6623,-182.6638,-180.6766,-190.6781,2,"altt"
"180","2003","9562",-188.0345,-191.7107,-187.8282,-191.5044,2,"altt"
"181","2004","041",-198.9452,-193.2657,-198.1579,-192.4785,3,"altt"
"182","2004","1257",-204.9515,-188.198,-210.2985,-193.545,2,"altt"
"183","2004","2049",-209.6742,-185.4004,-218.8798,-194.606,1,"altt"
"184","2004","2896",-222.8804,-198.9071,-219.7367,-195.7633,2,"altt"
"185","2004","3716",-213.9716,-199.7835,-211.0391,-196.851,2,"altt"
"186","2004","4563",-198.857,-200.0704,-196.6845,-197.8979,3,"altt"
"187","2004","5383",-187.2715,-201.3867,-184.6828,-198.798,2,"altt"
"188","2004","623",-184.7986,-205.1068,-179.2737,-199.5819,2,"altt"
"189","2004","7077",-183.4315,-202.8486,-180.7946,-200.2117,2,"altt"
"190","2004","7896",-188.5987,-203.7988,-185.497,-200.6971,1,"altt"
"191","2004","8743",-182.0149,-191.9936,-191.1318,-201.1105,1,"altt"
"192","2004","9563",-197.4408,-201.1059,-197.7948,-201.46,2,"altt"
"193","2005","0411",-212.4303,-206.7366,-207.4871,-201.7933,1,"altt"
"194","2005","126",-218.9133,-202.1172,-218.9167,-202.1206,2,"altt"
"195","2005","2027",-224.0875,-199.9372,-226.5865,-202.4362,2,"altt"
"196","2005","2877",-227.0164,-202.9179,-226.9382,-202.8397,2,"altt"
"197","2005","3699",-213.5545,-199.0856,-217.7761,-203.3072,2,"altt"
"198","2005","4548",-206.7138,-207.6533,-202.9413,-203.8808,3,"altt"
"199","2005","537",-180.5986,-194.5599,-190.5645,-204.5258,2,"altt"
"200","2005","6219",-185.5593,-205.8401,-185.0157,-205.2965,2,"altt"
"201","2005","7068",-184.1227,-203.5708,-186.7068,-206.1549,2,"altt"
"202","2005","789",-194.3075,-209.5414,-191.8136,-207.0475,2,"altt"
"203","2005","874",-201.0796,-211.081,-198.003,-208.0044,3,"altt"
"204","2005","9562",-211.5909,-215.267,-205.269,-208.9451,1,"altt"
"205","2006","0411",-214.6743,-208.9805,-215.628,-209.9342,2,"altt"
"206","2006","126",-225.0136,-208.2175,-227.7511,-210.9551,2,"altt"
"207","2006","2027",-234.569,-210.4187,-236.0623,-211.912,2,"altt"
"208","2006","2877",-238.8989,-214.8004,-237.1067,-213.0082,2,"altt"
"209","2006","3699",-228.0659,-213.597,-228.5699,-214.101,3,"altt"
"210","2006","4548",-213.196,-214.1355,-214.3271,-215.2665,2,"altt"
"211","2006","537",0,0,-202.4692,-216.4305,0,"altt"
"212","2006","6219",-195.7386,-216.0195,-197.3815,-217.6623,2,"altt"
"213","2006","7068",-199.2012,-218.6493,-199.4644,-218.9124,2,"altt"
"214","2006","789",-205.4702,-220.7041,-204.8879,-220.1218,1,"altt"
"215","2006","874",-210.569,-220.5705,-211.349,-221.3505,3,"altt"
"216","2006","9562",-222.046,-225.7222,-218.8209,-222.4971,2,"altt"
"217","2007","0411",-233.8793,-228.1855,-229.3048,-223.6111,2,"altt"
"218","2007","126",-241.9142,-225.1181,-241.4398,-224.6437,2,"altt"
"219","2007","2027",-247.8601,-223.7098,-249.6673,-225.5169,2,"altt"
"220","2007","2877",-244.532,-220.4335,-250.5359,-226.4374,1,"altt"
"221","2007","3699",-243.9667,-229.4978,-241.7623,-227.2934,3,"altt"
"222","2007","4548",-224.8352,-225.7746,-227.2073,-228.1468,2,"altt"
"223","2007","537",-217.2448,-231.2062,-214.9908,-228.9521,2,"altt"
"224","2007","6219",-211.6299,-231.9107,-209.4877,-229.7685,2,"altt"
"225","2007","7068",-210.3755,-229.8235,-211.1317,-230.5797,2,"altt"
"226","2007","789",-212.9663,-228.2001,-216.1447,-231.3786,1,"altt"
"227","2007","874",-220.6365,-230.638,-222.2352,-232.2366,3,"altt"
"228","2007","9562",-226.9514,-230.6276,-229.4312,-233.1073,1,"altt"
"229","2008","041",-239.0214,-233.3419,-239.7263,-234.0468,2,"altt"
"230","2008","1257",-254.8518,-238.0984,-251.7738,-235.0203,1,"altt"
"231","2008","2049",-257.8269,-233.5531,-260.2311,-235.9573,2,"altt"
"232","2008","2896",-261.0725,-237.0992,-260.9528,-236.9794,2,"altt"
"233","2008","3716",-254.6415,-240.4534,-252.1629,-237.9748,3,"altt"
"234","2008","4563",-231.8409,-233.0542,-237.7846,-238.9979,1,"altt"
"235","2008","5383",-226.7072,-240.8224,-225.8616,-239.9768,2,"altt"
"236","2008","623",-220.6426,-240.9508,-220.6594,-240.9675,2,"altt"
"237","2008","7077",0,0,-222.5125,-241.9295,0,"altt"
"238","2008","7896",-229.675,-244.8751,-227.6254,-242.8255,1,"altt"
"239","2008","8743",-235.4623,-245.441,-233.731,-243.7098,1,"altt"
"240","2008","9563",-243.2436,-246.9088,-240.8585,-244.5236,1,"altt"
"241","2009","0411",-251.9326,-246.2388,-251.0193,-245.3256,2,"altt"
"242","2009","126",-265.4219,-248.6258,-262.8948,-246.0988,1,"altt"
"243","2009","2027",-261.4542,-237.3039,-270.9365,-246.7862,1,"altt"
"244","2009","2877",-271.3465,-247.248,-271.6436,-247.5451,2,"altt"
"245","2009","3699",-268.366,-253.8971,-262.7428,-248.2738,3,"altt"
"246","2009","4548",-241.9956,-242.9351,-248.0961,-249.0356,2,"altt"
"247","2009","537",-230.2807,-244.2421,-235.8505,-249.8118,1,"altt"
"248","2009","6219",-230.0501,-250.3309,-230.3838,-250.6646,2,"altt"
"249","2009","7068",-232.5597,-252.0077,-232.1179,-251.566,2,"altt"
"250","2009","789",-237.8036,-253.0375,-237.2438,-252.4777,2,"altt"
"251","2009","874",-244.0506,-254.0521,-243.4506,-253.4521,2,"altt"
"252","2009","9562",0,0,-250.7423,-254.4185,0,"altt"
"253","2010","0411",0,0,-261.1302,-255.4365,0,"altt"
"254","2010","126",-268.3941,-251.5981,-273.2676,-256.4715,1,"altt"
"255","2010","2027",-279.0949,-254.9446,-281.5678,-257.4175,3,"altt"
"256","2010","2877",-283.8149,-259.7164,-282.5513,-258.4528,2,"altt"
"257","2010","3699",-278.4663,-263.9974,-273.8726,-259.4037,2,"altt"
"258","2010","4548",-263.8971,-264.8365,-259.3671,-260.3066,2,"altt"
"259","2010","537",-248.9279,-262.8893,-247.1361,-261.0974,1,"altt"
"260","2010","6219",-241.4741,-261.7549,-241.5664,-261.8473,2,"altt"
"261","2010","7068",-244.5611,-264.0092,-243.1062,-262.5543,3,"altt"
"262","2010","789",-242.218,-257.4518,-247.9894,-263.2232,2,"altt"
"263","2010","874",-254.991,-264.9925,-253.9254,-263.9268,2,"altt"
"264","2010","9562",-259.5079,-263.184,-260.9562,-264.6324,2,"altt"
"265","2011","0411",-274.2067,-268.513,-271.0837,-265.3899,2,"altt"
"266","2011","126",-282.7382,-265.9422,-282.9793,-266.1833,1,"altt"
"267","2011","2027",-286.9206,-262.7703,-291.0947,-266.9444,3,"altt"
"268","2011","2877",-295.7578,-271.6593,-291.9427,-267.8442,2,"altt"
"269","2011","3699",-283.0274,-268.5584,-283.2326,-268.7637,2,"altt"
"270","2011","4548",-264.3793,-265.3187,-268.826,-269.7654,2,"altt"
"271","2011","537",-257.3723,-271.3336,-256.831,-270.7923,2,"altt"
"272","2011","6219",-250.7811,-271.0619,-251.6273,-271.9082,2,"altt"
"273","2011","7068",-253.604,-273.0521,-253.6192,-273.0673,3,"altt"
"274","2011","789",-254.3597,-269.5936,-258.9801,-274.214,2,"altt"
"275","2011","874",-267.0959,-277.0974,-265.4009,-275.4023,2,"altt"
"276","2011","9562",-277.9294,-281.6056,-272.8419,-276.5181,1,"altt"
"277","2012","041",-287.7072,-282.0277,-283.2763,-277.5968,2,"altt"
"278","2012","1257",-300.1726,-283.4192,-295.3378,-278.5844,2,"altt"
"279","2012","2049",-301.7178,-277.4439,-303.7062,-279.4324,3,"altt"
"280","2012","2896",-310.0173,-286.044,-304.2541,-280.2807,2,"altt"
"281","2012","3716",-292.8715,-278.6835,-295.2516,-281.0635,2,"altt"
"282","2012","4563",-259.1702,-260.3835,-280.6492,-281.8626,1,"altt"
"283","2012","5383",-271.1821,-285.2973,-268.5355,-282.6508,2,"altt"
"284","2012","623",-266.2863,-286.5945,-263.1651,-283.4733,3,"altt"
"285","2012","7077",-265.4222,-284.8393,-264.8693,-284.2864,2,"altt"
"286","2012","7896",-272.9404,-288.1405,-269.8616,-285.0617,2,"altt"
"287","2012","8743",-271.1504,-281.1291,-275.8889,-285.8677,2,"altt"
"288","2012","9563",-280.4115,-284.0767,-283.0037,-286.6689,1,"altt"
"289","2013","0411",-295.066,-289.3723,-293.2195,-287.5257,3,"altt"
"290","2013","126",-303.2704,-286.4743,-305.2134,-288.4174,2,"altt"
"291","2013","2027",-312.0181,-287.8678,-313.4128,-289.2625,2,"altt"
"292","2013","2877",-312.3672,-288.2687,-314.3477,-290.2492,2,"altt"
"293","2013","3699",-310.9872,-296.5183,-305.7198,-291.2509,2,"altt"
"294","2013","4548",-288.322,-289.2615,-291.3875,-292.3269,2,"altt"
"295","2013","537",-277.889,-291.8503,-279.4553,-293.4166,3,"altt"
"296","2013","6219",-272.2791,-292.5599,-274.3135,-294.5943,2,"altt"
"297","2013","7068",-278.6531,-298.1011,-276.3651,-295.8132,2,"altt"
"298","2013","789",-280.4648,-295.6987,-281.7753,-297.0091,2,"altt"
"299","2013","874",-290.0454,-300.0468,-288.241,-298.2425,2,"altt"
"300","2013","9562",-294.581,-298.2571,-295.7395,-299.4156,2,"altt"
"301","2014","0411",-310.946,-305.2523,-306.281,-300.5873,2,"altt"
"302","2014","126",-316.391,-299.5949,-318.4951,-301.699,3,"altt"
"303","2014","2027",-331.8958,-307.7455,-326.7913,-302.641,2,"altt"
"304","2014","2877",-326.7444,-302.6459,-327.7085,-303.61,2,"altt"
"305","2014","3699",-319.4481,-304.9792,-318.9506,-304.4817,2,"altt"
"306","2014","4548",-306.7448,-307.6843,-304.3876,-305.327,2,"altt"
"307","2014","537",-292.311,-306.2723,-292.1487,-306.11,3,"altt"
"308","2014","6219",-285.3447,-305.6255,-286.6265,-306.9073,2,"altt"
"309","2014","7068",-278.9156,-298.3637,-288.2719,-307.72,1,"altt"
"310","2014","789",-292.1778,-307.4117,-293.308,-308.5419,2,"altt"
"311","2014","874",-295.7515,-305.753,-299.4306,-309.432,2,"altt"
"312","2014","9562",-311.9655,-315.6416,-306.6445,-310.3207,2,"altt"
"313","2015","0411",-321.2202,-315.5264,-316.9463,-311.2525,3,"altt"
"314","2015","126",-322.2699,-305.4739,-329.0009,-312.2048,2,"altt"
"315","2015","2027",-337.6176,-313.4673,-337.2486,-313.0983,2,"altt"
"316","2015","2877",-334.3484,-310.2498,-338.2213,-314.1228,2,"altt"
"317","2015","3699",-334.5046,-320.0357,-329.6083,-315.1394,2,"altt"
"318","2015","4548",-311.3373,-312.2767,-315.262,-316.2015,2,"altt"
"319","2015","537",-303.5098,-317.4711,-303.2775,-317.2388,1,"altt"
"320","2015","6219",-300.5064,-320.7872,-298.0288,-318.3096,1,"altt"
"321","2015","7068",-301.8569,-321.3049,-299.9155,-319.3636,2,"altt"
"322","2015","789",-308.9072,-324.141,-305.1246,-320.3585,2,"altt"
"323","2015","874",-308.685,-318.6865,-311.3617,-321.3631,2,"altt"
"324","2015","9562",-317.1321,-320.8083,-318.65,-322.3262,2,"altt"
"325","2016","041",-331.1076,-325.4281,-328.9964,-323.3169,3,"altt"
"326","2016","1257",-343.5968,-326.8434,-341.0617,-324.3083,2,"altt"
"327","2016","2049",-346.1541,-321.8803,-349.5271,-325.2533,2,"altt"
"328","2016","2896",-348.8779,-324.9045,-350.2813,-326.308,1,"altt"
"329","2016","3716",-342.2974,-328.1093,-341.5752,-327.3871,2,"altt"
"330","2016","4563",-322.8764,-324.0897,-327.3597,-328.573,3,"altt"
"331","2016","5383",-316.5099,-330.6251,-315.6711,-329.7863,2,"altt"
"332","2016","623",-313.3442,-333.6523,-310.7749,-331.0831,2,"altt"
"333","2016","7077",-310.8537,-330.2708,-312.9862,-332.4033,1,"altt"
"334","2016","7896",-316.7474,-331.9475,-318.4936,-333.6937,2,"altt"
"335","2016","8743",-325.3172,-335.2959,-325.0488,-335.0275,3,"altt"
"336","2016","9563",-336.6352,-340.3004,-332.6354,-336.3006,2,"altt"
"337","2017","0411",-345.9341,-340.2403,-343.2736,-337.5798,2,"altt"
"338","2017","126",-354.4975,-337.7014,-355.6122,-338.8161,2,"altt"
"339","2017","2027",-361.2046,-337.0543,-364.0561,-339.9058,2,"altt"
"340","2017","2877",-365.7185,-341.62,-365.1906,-341.0921,2,"altt"
"341","2017","3699",-360.5651,-346.0962,-356.6859,-342.217,3,"altt"
"342","2017","4548",-339.3735,-340.313,-342.4168,-343.3562,2,"altt"
"343","2017","537",-326.5513,-340.5126,-330.4947,-344.456,2,"altt"
"344","2017","6219",-321.2506,-341.5314,-325.3232,-345.604,1,"altt"
"345","2017","7068",-323.9131,-343.3612,-327.3078,-346.7559,2,"altt"
"346","2017","789",-333.8635,-349.0973,-332.6195,-347.8534,2,"altt"
"347","2017","874",-335.9545,-345.9559,-338.9368,-348.9382,3,"altt"
"348","2017","9562",-350.8836,-354.5597,-346.2212,-349.8974,2,"altt"
"349","2018","0411",-359.8526,-354.1588,-356.4361,-350.7423,2,"altt"
"350","2018","126",-376.4545,-359.6584,-368.2035,-351.4074,1,"altt"
"351","2018","2027",-382.9286,-358.7783,-375.9919,-351.8416,2,"altt"
"352","2018","2877",-377.4505,-353.352,-376.2492,-352.1507,2,"altt"
"353","2018","3699",-367.4179,-352.949,-366.7909,-352.322,2,"altt"
"354","2018","4548",-347.2517,-348.1911,-351.4877,-352.4271,3,"altt"
"355","2018","537",-329.316,-343.2773,-338.5572,-352.5186,2,"altt"
"356","2018","6219",-337.0756,-357.3564,-332.352,-352.6328,2,"altt"
"357","2018","7068",0,0,-333.3049,-352.753,0,"altt"
"358","2018","789",0,0,-337.6356,-352.8694,0,"altt"
"359","2018","874",0,0,-342.9883,-352.9898,0,"altt"
"360","2018","9562",0,0,-349.43,-353.1062,0,"altt"
"361","1991","0411",-59.9906,-84.8108,-47.7381,-72.5583,1,"canada"
"362","1991","126",0,0,-41.9285,-72.4798,0,"canada"
"363","1991","2027",-44.6058,-71.0519,-45.9849,-72.4309,1,"canada"
"364","1991","2877",-44.9689,-61.4765,-55.9278,-72.4353,1,"canada"
"365","1991","3699",-64.3888,-70.6099,-66.3048,-72.5259,1,"canada"
"366","1991","4548",-75.3305,-71.5815,-76.4617,-72.7127,2,"canada"
"367","1991","537",-83.9969,-70.09,-86.8846,-72.9777,2,"canada"
"368","1991","6219",-100.0346,-75.6037,-97.7582,-73.3273,2,"canada"
"369","1991","7068",-113.7316,-83.255,-104.2103,-73.7337,2,"canada"
"370","1991","789",0,0,-100.8634,-74.1699,0,"canada"
"371","1991","874",-97.6999,-86.0728,-86.3151,-74.688,1,"canada"
"372","1991","9562",-65.5875,-73.8446,-67.0382,-75.2953,1,"canada"
"373","1992","041",-41.8773,-66.6819,-51.2893,-76.094,3,"canada"
"374","1992","1257",-31.0648,-61.617,-46.5738,-77.1259,1,"canada"
"375","1992","2049",-47.6911,-73.9284,-52.0645,-78.3019,3,"canada"
"376","1992","2896",-64.4469,-80.7052,-63.4628,-79.7212,2,"canada"
"377","1992","3716",-77.3691,-83.3836,-75.1475,-81.1621,2,"canada"
"378","1992","4563",-90.8043,-86.8792,-86.5478,-82.6227,1,"canada"
"379","1992","5383",-100.5096,-86.44,-98.0021,-83.9324,2,"canada"
"380","1992","623",-112.7674,-88.2235,-109.6607,-85.1168,2,"canada"
"381","1992","7077",-123.7973,-93.305,-116.5805,-86.0882,2,"canada"
"382","1992","7896",-129.6488,-103.022,-113.4304,-86.8036,1,"canada"
"383","1992","8743",-104.2302,-92.6814,-98.866,-87.3172,2,"canada"
"384","1992","9563",-87.0916,-95.3771,-79.356,-87.6415,1,"canada"
"385","1993","0411",-54.4854,-79.3056,-63.0616,-87.8818,2,"canada"
"386","1993","126",-47.8642,-78.4156,-57.565,-88.1163,2,"canada"
"387","1993","2027",-63.0482,-89.4942,-61.9255,-88.3716,2,"canada"
"388","1993","2877",-71.8836,-88.3912,-72.2085,-88.7161,3,"canada"
"389","1993","3699",-85.5608,-91.7818,-82.8916,-89.1127,2,"canada"
"390","1993","4548",-91.4276,-87.6786,-93.347,-89.598,2,"canada"
"391","1993","537",-101.1417,-87.2348,-104.0655,-90.1586,2,"canada"
"392","1993","6219",-112.1045,-87.6736,-115.2763,-90.8454,2,"canada"
"393","1993","7068",-123.2381,-92.7615,-122.1153,-91.6388,2,"canada"
"394","1993","789",-113.0883,-86.3948,-119.1815,-92.488,3,"canada"
"395","1993","874",-112.2616,-100.6344,-105.0434,-93.4163,2,"canada"
"396","1993","9562",-88.945,-97.2022,-86.0464,-94.3035,2,"canada"
"397","1994","0411",-80.0613,-104.8815,-70.3497,-95.1699,1,"canada"
"398","1994","126",-65.0316,-95.5829,-65.4242,-95.9756,1,"canada"
"399","1994","2027",-69.8049,-96.2509,-70.2155,-96.6616,1,"canada"
"400","1994","2877",-81.6909,-98.1984,-80.882,-97.3896,2,"canada"
"401","1994","3699",-92.1318,-98.3528,-91.8561,-98.0771,2,"canada"
"402","1994","4548",-100.3435,-96.5945,-102.5353,-98.7864,1,"canada"
"403","1994","537",-109.5378,-95.6309,-113.3931,-99.4862,2,"canada"
"404","1994","6219",-120.1356,-95.7047,-124.6624,-100.2315,1,"canada"
"405","1994","7068",-133.9116,-103.435,-131.463,-100.9865,2,"canada"
"406","1994","789",-127.7691,-101.0756,-128.4004,-101.7069,2,"canada"
"407","1994","874",-122.5471,-110.92,-114.0584,-102.4313,2,"canada"
"408","1994","9562",-97.5136,-105.7707,-94.8577,-103.1148,1,"canada"
"409","1995","0411",-73.7525,-98.5727,-79.0156,-103.8358,1,"canada"
"410","1995","126",-67.5162,-98.0675,-74.062,-104.6134,1,"canada"
"411","1995","2027",-72.7289,-99.175,-78.9412,-105.3872,3,"canada"
"412","1995","2877",-92.815,-109.3226,-89.8184,-106.3259,2,"canada"
"413","1995","3699",-102.0155,-108.2365,-101.0678,-107.2888,2,"canada"
"414","1995","4548",-108.2305,-104.4815,-112.0637,-108.3147,2,"canada"
"415","1995","537",-122.0582,-108.1513,-123.2199,-109.313,1,"canada"
"416","1995","6219",-133.4066,-108.9757,-134.739,-110.3081,3,"canada"
"417","1995","7068",-144.8965,-114.42,-141.6982,-111.2217,1,"canada"
"418","1995","789",-149.8101,-123.1166,-138.6696,-111.9761,2,"canada"
"419","1995","874",-122.4736,-110.8465,-124.2124,-112.5852,2,"canada"
"420","1995","9562",-108.9211,-117.1782,-104.7535,-113.0106,2,"canada"
"421","1996","041",-93.1413,-117.946,-88.4908,-113.2955,2,"canada"
"422","1996","1257",-84.6897,-115.2419,-82.9069,-113.4591,2,"canada"
"423","1996","2049",-91.7351,-117.9724,-87.3161,-113.5534,1,"canada"
"424","1996","2896",-89.0503,-105.3087,-97.401,-113.6593,2,"canada"
"425","1996","3716",-107.5557,-113.5702,-107.822,-113.8365,2,"canada"
"426","1996","4563",-111.5256,-107.6005,-118.0702,-114.1451,1,"canada"
"427","1996","5383",-124.7364,-110.6668,-128.6652,-114.5956,2,"canada"
"428","1996","623",-132.4218,-107.8779,-139.7732,-115.2293,2,"canada"
"429","1996","7077",-151.045,-120.5528,-146.4995,-116.0072,2,"canada"
"430","1996","7896",-142.7805,-116.1537,-143.4825,-116.8557,3,"canada"
"431","1996","8743",-137.4211,-125.8723,-129.3435,-117.7947,1,"canada"
"432","1996","9563",-109.3238,-117.6094,-110.4473,-118.7329,2,"canada"
"433","1997","0411",-90.0285,-114.8487,-94.8943,-119.7145,2,"canada"
"434","1997","126",-95.002,-125.5534,-90.1314,-120.6828,1,"canada"
"435","1997","2027",-99.0418,-125.4879,-95.0645,-121.5105,3,"canada"
"436","1997","2877",-104.2224,-120.7299,-105.8422,-122.3498,1,"canada"
"437","1997","3699",-117.4316,-123.6526,-116.8622,-123.0832,2,"canada"
"438","1997","4548",-134.7055,-130.9565,-127.5108,-123.7618,1,"canada"
"439","1997","537",-138.4332,-124.5263,-138.2552,-124.3483,3,"canada"
"440","1997","6219",-144.863,-120.4321,-149.3331,-124.9022,2,"canada"
"441","1997","7068",-159.2704,-128.7938,-155.8989,-125.4223,2,"canada"
"442","1997","789",-151.0391,-124.3457,-152.5949,-125.9015,2,"canada"
"443","1997","874",-135.4198,-123.7927,-138.0165,-126.3894,1,"canada"
"444","1997","9562",-120.6275,-128.8846,-118.61,-126.8672,2,"canada"
"445","1998","0411",-103.914,-128.7342,-102.5502,-127.3704,1,"canada"
"446","1998","126",-94.7359,-125.2873,-97.3416,-127.893,2,"canada"
"447","1998","2027",-105.5655,-132.0116,-101.9461,-128.3922,2,"canada"
"448","1998","2877",-107.1191,-123.6266,-112.4753,-128.9828,2,"canada"
"449","1998","3699",-123.3787,-129.5998,-123.3877,-129.6087,1,"canada"
"450","1998","4548",-133.8356,-130.0866,-134.0619,-130.313,2,"canada"
"451","1998","537",-144.8194,-130.9125,-144.9513,-131.0444,3,"canada"
"452","1998","6219",-155.1299,-130.699,-156.2706,-131.8397,1,"canada"
"453","1998","7068",-164.6565,-134.18,-163.1372,-132.6606,2,"canada"
"454","1998","789",-162.3814,-135.688,-160.1636,-133.4702,1,"canada"
"455","1998","874",-142.7069,-131.0798,-145.9463,-134.3192,2,"canada"
"456","1998","9562",-129.2412,-137.4983,-126.8908,-135.1479,2,"canada"
"457","1999","0411",-105.8109,-130.6312,-111.1778,-135.998,1,"canada"
"458","1999","126",-107.8211,-138.3724,-106.2805,-136.8318,2,"canada"
"459","1999","2027",-116.1506,-142.5966,-111.1123,-137.5584,3,"canada"
"460","1999","2877",-115.9388,-132.4464,-121.8266,-138.3341,2,"canada"
"461","1999","3699",-136.3807,-142.6017,-132.8576,-139.0787,2,"canada"
"462","1999","4548",-141.8635,-138.1145,-143.6048,-139.8558,2,"canada"
"463","1999","537",-155.8617,-141.9548,-154.5347,-140.6278,1,"canada"
"464","1999","6219",-167.8981,-143.4672,-165.8915,-141.4606,2,"canada"
"465","1999","7068",-170.0521,-139.5755,-172.8246,-142.348,3,"canada"
"466","1999","789",-164.4978,-137.8043,-169.9777,-143.2842,2,"canada"
"467","1999","874",-155.6762,-144.049,-155.9661,-144.339,2,"canada"
"468","1999","9562",-136.7113,-144.9685,-137.1635,-145.4207,2,"canada"
"469","2000","041",-129.2316,-154.0363,-121.7629,-146.5675,1,"canada"
"470","2000","1257",-118.9441,-149.4963,-117.1586,-147.7108,2,"canada"
"471","2000","2049",-123.9587,-150.196,-122.5252,-148.7625,3,"canada"
"472","2000","2896",-131.8221,-148.0805,-133.6066,-149.865,2,"canada"
"473","2000","3716",-144.9676,-150.9822,-144.9008,-150.9154,2,"canada"
"474","2000","4563",-154.131,-150.2058,-155.9109,-151.9858,2,"canada"
"475","2000","5383",-164.21,-150.1404,-167.0756,-153.006,2,"canada"
"476","2000","623",-179.0744,-154.5305,-178.5715,-154.0276,3,"canada"
"477","2000","7077",-188.8131,-158.3208,-185.4807,-154.9884,2,"canada"
"478","2000","7896",-187.4031,-160.7763,-182.4732,-155.8464,2,"canada"
"479","2000","8743",-171.6547,-160.106,-168.2076,-156.6588,1,"canada"
"480","2000","9563",-148.1354,-156.4209,-149.1056,-157.3911,2,"canada"
"481","2001","0411",-128.0531,-152.8733,-133.3063,-158.1265,2,"canada"
"482","2001","126",-125.1572,-155.7086,-128.3136,-158.8649,2,"canada"
"483","2001","2027",-133.1003,-159.5464,-133.0901,-159.5361,2,"canada"
"484","2001","2877",-144.8432,-161.3507,-143.7669,-160.2745,2,"canada"
"485","2001","3699",-155.0786,-161.2996,-154.7475,-160.9686,2,"canada"
"486","2001","4548",-163.5941,-159.8451,-165.4015,-161.6525,2,"canada"
"487","2001","537",-178.9162,-165.0093,-176.1765,-162.2696,2,"canada"
"488","2001","6219",-187.3289,-162.898,-187.2722,-162.8413,1,"canada"
"489","2001","7068",-200.3588,-169.8823,-193.8099,-163.3333,2,"canada"
"490","2001","789",-192.6564,-165.9629,-190.4274,-163.7339,2,"canada"
"491","2001","874",-168.6017,-156.9746,-175.7244,-164.0973,2,"canada"
"492","2001","9562",-153.4933,-161.7504,-156.1836,-164.4408,1,"canada"
"493","2002","0411",0,0,-139.9857,-164.8059,0,"canada"
"494","2002","126",-136.8587,-167.4101,-134.6296,-165.1809,2,"canada"
"495","2002","2027",-137.4316,-163.8777,-139.0808,-165.5269,2,"canada"
"496","2002","2877",-150.9785,-167.486,-149.4142,-165.9217,2,"canada"
"497","2002","3699",-160.9759,-167.1969,-160.1001,-166.3212,2,"canada"
"498","2002","4548",-174.2627,-170.5138,-170.5093,-166.7604,2,"canada"
"499","2002","537",-178.0181,-164.1112,-181.1301,-167.2232,2,"canada"
"500","2002","6219",-187.5487,-163.1178,-192.2059,-167.775,1,"canada"
"501","2002","7068",-196.3235,-165.8469,-198.9038,-168.4273,2,"canada"
"502","2002","789",-196.791,-170.0976,-195.8483,-169.1548,2,"canada"
"503","2002","874",-178.7565,-167.1293,-181.6269,-169.9997,2,"canada"
"504","2002","9562",-165.2435,-173.5006,-162.6404,-170.8976,2,"canada"
"505","2003","0411",-141.7106,-166.5308,-147.0683,-171.8885,2,"canada"
"506","2003","126",-149.6428,-180.1941,-142.3784,-172.9298,1,"canada"
"507","2003","2027",-147.4617,-173.9077,-147.4458,-173.8918,2,"canada"
"508","2003","2877",-161.3597,-177.8673,-158.4576,-174.9651,2,"canada"
"509","2003","3699",-172.1262,-178.3473,-169.7813,-176.0024,2,"canada"
"510","2003","4548",-183.7093,-179.9603,-180.819,-177.0701,2,"canada"
"511","2003","537",-185.9477,-172.0408,-192.0167,-178.1098,2,"canada"
"512","2003","6219",-201.5656,-177.1347,-203.6417,-179.2108,2,"canada"
"513","2003","7068",-213.3334,-182.8569,-210.8179,-180.3413,2,"canada"
"514","2003","789",-210.8096,-184.1161,-208.1511,-181.4576,2,"canada"
"515","2003","874",-188.2723,-176.6452,-194.2661,-182.639,2,"canada"
"516","2003","9562",-178.771,-187.0281,-175.5609,-183.818,1,"canada"
"517","2004","041",-159.1826,-183.9872,-160.2575,-185.0622,1,"canada"
"518","2004","1257",-149.7032,-180.2554,-155.766,-186.3182,2,"canada"
"519","2004","2049",-161.8059,-188.0433,-161.2441,-187.4814,3,"canada"
"520","2004","2896",-174.0888,-190.3472,-172.409,-188.6674,2,"canada"
"521","2004","3716",-185.384,-191.3985,-183.7023,-189.7168,3,"canada"
"522","2004","4563",-198.0436,-194.1185,-194.5871,-190.662,3,"canada"
"523","2004","5383",-207.2581,-193.1885,-205.4928,-191.4232,2,"canada"
"524","2004","623",-218.1449,-193.601,-216.6001,-192.0562,2,"canada"
"525","2004","7077",-224.2195,-193.7272,-223.0495,-192.5572,2,"canada"
"526","2004","7896",-220.079,-193.4522,-219.5763,-192.9494,2,"canada"
"527","2004","8743",-203.1479,-191.5991,-204.8442,-193.2955,2,"canada"
"528","2004","9563",-181.2682,-189.5537,-185.3129,-193.5984,1,"canada"
"529","2005","0411",-171.5991,-196.4193,-169.0834,-193.9036,2,"canada"
"530","2005","126",-156.4309,-186.9823,-163.6665,-194.2179,2,"canada"
"531","2005","2027",-170.4412,-196.8873,-168.0775,-194.5236,2,"canada"
"532","2005","2877",-179.9059,-196.4134,-178.3792,-194.8868,2,"canada"
"533","2005","3699",-186.8042,-193.0252,-189.0464,-195.2674,2,"canada"
"534","2005","4548",-197.5318,-193.7828,-199.4469,-195.698,2,"canada"
"535","2005","537",-209.7449,-195.838,-210.057,-196.1501,2,"canada"
"536","2005","6219",-221.3265,-196.8956,-221.0779,-196.647,2,"canada"
"537","2005","7068",-230.9949,-200.5183,-227.6385,-197.1619,2,"canada"
"538","2005","789",-226.348,-199.6546,-224.3633,-197.6698,2,"canada"
"539","2005","874",-207.1912,-195.5641,-209.8479,-198.2208,1,"canada"
"540","2005","9562",-179.2885,-187.5456,-190.5441,-198.8012,1,"canada"
"541","2006","0411",-179.2963,-204.1165,-174.631,-199.4513,2,"canada"
"542","2006","126",-174.6013,-205.1526,-169.5904,-200.1417,2,"canada"
"543","2006","2027",-169.8241,-196.2702,-174.3628,-200.8089,2,"canada"
"544","2006","2877",-183.037,-199.5446,-185.1114,-201.6189,1,"canada"
"545","2006","3699",-193.06,-199.2811,-196.2654,-202.4865,2,"canada"
"546","2006","4548",-208.6061,-204.8572,-207.2141,-203.4651,2,"canada"
"547","2006","537",-219.4066,-205.4997,-218.3836,-204.4767,2,"canada"
"548","2006","6219",-229.7981,-205.3672,-230.0119,-205.581,2,"canada"
"549","2006","7068",-230.237,-199.7604,-237.2197,-206.7432,2,"canada"
"550","2006","789",-238.9856,-212.2922,-234.6013,-207.9079,2,"canada"
"551","2006","874",-215.7788,-204.1517,-220.7471,-209.12,2,"canada"
"552","2006","9562",-207.037,-215.2941,-202.0084,-210.2656,2,"canada"
"553","2007","0411",-190.8618,-215.682,-186.5595,-211.3797,2,"canada"
"554","2007","126",-189.0233,-219.5747,-181.8558,-212.4071,1,"canada"
"555","2007","2027",-179.5247,-205.9707,-186.8233,-213.2694,1,"canada"
"556","2007","2877",0,0,-197.6652,-214.1727,0,"canada"
"557","2007","3699",-212.815,-219.0361,-208.7837,-215.0047,2,"canada"
"558","2007","4548",-222.6778,-218.9288,-219.581,-215.832,2,"canada"
"559","2007","537",-230.6629,-216.756,-230.5377,-216.6308,2,"canada"
"560","2007","6219",-238.5673,-214.1364,-241.931,-217.5001,2,"canada"
"561","2007","7068",-246.2172,-215.7406,-248.9296,-218.453,2,"canada"
"562","2007","789",-247.0265,-220.333,-246.1741,-219.4806,2,"canada"
"563","2007","874",-225.0979,-213.4708,-232.294,-220.6669,2,"canada"
"564","2007","9562",-195.2403,-203.4975,-213.6864,-221.9435,1,"canada"
"565","2008","041",-201.1906,-225.9953,-198.5499,-223.3546,3,"canada"
"566","2008","1257",-200.255,-230.8072,-194.2327,-224.7849,2,"canada"
"567","2008","2049",-201.4729,-227.7102,-199.8547,-226.092,3,"canada"
"568","2008","2896",-208.6819,-224.9403,-211.1697,-227.4281,1,"canada"
"569","2008","3716",-222.1641,-228.1786,-222.6345,-228.649,1,"canada"
"570","2008","4563",-235.731,-231.8058,-233.7512,-229.8261,2,"canada"
"571","2008","5383",-241.4595,-227.3899,-244.9419,-230.8722,2,"canada"
"572","2008","623",-262.3231,-237.7792,-256.3976,-231.8537,2,"canada"
"573","2008","7077",-264.8721,-234.3798,-263.213,-232.7207,2,"canada"
"574","2008","7896",-259.0249,-232.3981,-260.0778,-233.4509,2,"canada"
"575","2008","8743",-243.1984,-231.6496,-245.662,-234.1132,2,"canada"
"576","2008","9563",-228.3607,-236.6463,-226.3983,-234.6838,2,"canada"
"577","2009","0411",-210.8405,-235.6607,-210.3937,-235.2139,1,"canada"
"578","2009","126",0,0,-205.145,-235.6964,0,"canada"
"579","2009","2027",-210.3294,-236.7754,-209.6561,-236.1022,2,"canada"
"580","2009","2877",-219.3666,-235.8742,-220.0239,-236.5315,2,"canada"
"581","2009","3699",-232.5755,-238.7966,-230.7207,-236.9417,2,"canada"
"582","2009","4548",-240.2583,-236.5093,-241.1279,-237.3789,2,"canada"
"583","2009","537",-252.4589,-238.552,-251.7457,-237.8388,2,"canada"
"584","2009","6219",-263.0416,-238.6107,-262.8066,-238.3757,3,"canada"
"585","2009","7068",-271.5987,-241.1222,-269.4694,-238.9928,1,"canada"
"586","2009","789",-263.715,-237.0216,-266.3754,-239.6819,1,"canada"
"587","2009","874",-242.2349,-230.6077,-252.145,-240.5179,2,"canada"
"588","2009","9562",-237.8658,-246.1229,-233.2073,-241.4644,3,"canada"
"589","2010","0411",-213.9349,-238.7551,-217.7543,-242.5745,2,"canada"
"590","2010","126",-210.4327,-240.984,-213.2652,-243.8166,1,"canada"
"591","2010","2027",-217.676,-244.1221,-218.5927,-245.0388,2,"canada"
"592","2010","2877",0,0,-229.9718,-246.4793,0,"canada"
"593","2010","3699",-245.1645,-251.3855,-241.7121,-247.9332,1,"canada"
"594","2010","4548",-250.7605,-247.0115,-253.2205,-249.4715,2,"canada"
"595","2010","537",-266.7577,-252.8508,-264.8807,-250.9738,1,"canada"
"596","2010","6219",-276.0816,-251.6507,-276.9407,-252.5098,2,"canada"
"597","2010","7068",-289.8722,-259.3957,-284.4712,-253.9946,3,"canada"
"598","2010","789",0,0,-282.041,-255.3476,0,"canada"
"599","2010","874",-264.6618,-253.0347,-268.2807,-256.6536,2,"canada"
"600","2010","9562",-251.8642,-260.1213,-249.5695,-257.8266,1,"canada"
"601","2011","0411",0,0,-234.1149,-258.9352,0,"canada"
"602","2011","126",-235.343,-265.8943,-229.3856,-259.937,2,"canada"
"603","2011","2027",-232.7167,-259.1628,-234.3159,-260.762,3,"canada"
"604","2011","2877",-243.8886,-260.3961,-245.1061,-261.6136,1,"canada"
"605","2011","3699",-257.6882,-263.9092,-256.1754,-262.3965,2,"canada"
"606","2011","4548",-267.444,-263.695,-266.9314,-263.1825,1,"canada"
"607","2011","537",-276.5375,-262.6306,-277.8508,-263.9439,1,"canada"
"608","2011","6219",-282.5825,-258.1516,-289.1888,-264.7579,1,"canada"
"609","2011","7068",-292.2261,-261.7495,-296.1003,-265.6237,2,"canada"
"610","2011","789",-293.6412,-266.9478,-293.2152,-266.5218,1,"canada"
"611","2011","874",-281.9431,-270.316,-279.1288,-267.5017,2,"canada"
"612","2011","9562",-258.7747,-267.0319,-260.228,-268.4851,1,"canada"
"613","2012","041",-242.2424,-267.047,-244.7252,-269.5299,1,"canada"
"614","2012","1257",-236.4224,-266.9745,-240.044,-270.5961,2,"canada"
"615","2012","2049",-247.1471,-273.3844,-245.3623,-271.5996,2,"canada"
"616","2012","2896",-257.6409,-273.8993,-256.3971,-272.6555,1,"canada"
"617","2012","3716",-270.0003,-276.0149,-267.6256,-273.6401,2,"canada"
"618","2012","4563",-280.1756,-276.2505,-278.5253,-274.6001,3,"canada"
"619","2012","5383",-289.2328,-275.1632,-289.5329,-275.4632,1,"canada"
"620","2012","623",-308.5342,-283.9903,-300.8326,-276.2887,2,"canada"
"621","2012","7077",-301.557,-271.0647,-307.5576,-277.0653,2,"canada"
"622","2012","7896",-302.0097,-275.3828,-304.4359,-277.8091,2,"canada"
"623","2012","8743",-285.9974,-274.4486,-290.1443,-278.5955,2,"canada"
"624","2012","9563",-272.2067,-280.4922,-271.0862,-279.3718,1,"canada"
"625","2013","0411",-264.4322,-289.2524,-255.3536,-280.1739,2,"canada"
"626","2013","126",-242.5591,-273.1105,-250.4191,-280.9704,2,"canada"
"627","2013","2027",-269.3195,-295.7656,-255.2529,-281.699,1,"canada"
"628","2013","2877",-264.1415,-280.6491,-266.0124,-282.52,1,"canada"
"629","2013","3699",-275.1298,-281.3509,-277.1301,-283.3512,2,"canada"
"630","2013","4548",-288.7458,-284.9968,-288.0218,-284.2728,1,"canada"
"631","2013","537",-290.3435,-276.4366,-299.1489,-285.242,1,"canada"
"632","2013","6219",-310.3765,-285.9456,-310.769,-286.3381,2,"canada"
"633","2013","7068",-312.4471,-281.9705,-318.0035,-287.5269,2,"canada"
"634","2013","789",-314.7539,-288.0604,-315.4444,-288.7509,2,"canada"
"635","2013","874",-296.8193,-285.1922,-301.681,-290.0539,2,"canada"
"636","2013","9562",-290.3854,-298.6425,-283.0462,-291.3033,2,"canada"
"637","2014","0411",-275.9794,-300.7996,-267.7026,-292.5228,2,"canada"
"638","2014","126",-260.5687,-291.1201,-263.0893,-293.6406,1,"canada"
"639","2014","2027",-270.0405,-296.4866,-268.1238,-294.5699,2,"canada"
"640","2014","2877",-278.9695,-295.477,-279.012,-295.5195,2,"canada"
"641","2014","3699",-293.2666,-299.4876,-290.151,-296.3721,2,"canada"
"642","2014","4548",-300.8687,-297.1197,-300.9575,-297.2085,2,"canada"
"643","2014","537",0,0,-311.9175,-298.0106,0,"canada"
"644","2014","6219",-325.1552,-300.7243,-323.3001,-298.8692,1,"canada"
"645","2014","7068",-329.0589,-298.5824,-330.2748,-299.7983,2,"canada"
"646","2014","789",-312.5021,-285.8086,-327.4984,-300.8049,1,"canada"
"647","2014","874",-310.6273,-299.0001,-313.6198,-301.9926,2,"canada"
"648","2014","9562",-292.5571,-300.8142,-295.0344,-303.2915,2,"canada"
"649","2015","0411",-276.2661,-301.0863,-279.9469,-304.7671,1,"canada"
"650","2015","126",-274.7463,-305.2977,-275.7909,-306.3422,1,"canada"
"651","2015","2027",-284.7496,-311.1956,-281.36,-307.8061,3,"canada"
"652","2015","2877",-293.6765,-310.184,-292.9148,-309.4224,2,"canada"
"653","2015","3699",-305.9878,-312.2089,-304.7253,-310.9463,2,"canada"
"654","2015","4548",-314.8705,-311.1215,-316.2039,-312.455,2,"canada"
"655","2015","537",-336.5081,-322.6012,-327.744,-313.8371,1,"canada"
"656","2015","6219",-340.2985,-315.8675,-339.6007,-315.1698,1,"canada"
"657","2015","7068",-344.2553,-313.7788,-346.883,-316.4065,2,"canada"
"658","2015","789",-344.8582,-318.1648,-344.2028,-317.5093,1,"canada"
"659","2015","874",-335.4403,-323.8131,-330.1694,-318.5423,2,"canada"
"660","2015","9562",-311.6604,-319.9176,-311.1779,-319.435,2,"canada"
"661","2016","041",-296.5143,-321.319,-295.4557,-320.2603,1,"canada"
"662","2016","1257",-288.7504,-319.3026,-290.4599,-321.0121,2,"canada"
"663","2016","2049",0,0,-295.4409,-321.6782,0,"canada"
"664","2016","2896",-302.4049,-318.6633,-306.1188,-322.3772,2,"canada"
"665","2016","3716",-315.497,-321.5115,-317.0465,-323.061,2,"canada"
"666","2016","4563",-328.7194,-324.7943,-327.7089,-323.7838,1,"canada"
"667","2016","5383",-340.9107,-326.841,-338.5617,-324.4921,2,"canada"
"668","2016","623",-353.1322,-328.5883,-349.7739,-325.23,2,"canada"
"669","2016","7077",-349.5572,-319.0649,-356.4816,-325.9894,1,"canada"
"670","2016","7896",-352.7396,-326.1128,-353.3934,-326.7666,2,"canada"
"671","2016","8743",-334.4806,-322.9319,-339.1663,-327.6175,2,"canada"
"672","2016","9563",-326.0202,-334.3058,-320.1947,-328.4803,2,"canada"
"673","2017","0411",-299.6239,-324.4441,-304.5797,-329.3999,1,"canada"
"674","2017","126",-300.2179,-330.7693,-299.7963,-330.3477,2,"canada"
"675","2017","2027",-305.5187,-331.9648,-304.7746,-331.2206,1,"canada"
"676","2017","2877",-312.0342,-328.5418,-315.691,-332.1985,1,"canada"
"677","2017","3699",-323.9613,-330.1824,-326.9316,-333.1526,1,"canada"
"678","2017","4548",-346.2063,-342.4573,-337.8865,-334.1376,2,"canada"
"679","2017","537",-346.0863,-332.1794,-348.984,-335.0771,2,"canada"
"680","2017","6219",-360.2017,-335.7708,-360.4726,-336.0417,2,"canada"
"681","2017","7068",-367.8625,-337.386,-367.4898,-337.0133,3,"canada"
"682","2017","789",-358.1553,-331.4619,-364.6675,-337.974,1,"canada"
"683","2017","874",-349.9263,-338.2992,-350.6275,-339.0004,2,"canada"
"684","2017","9562",-327.6523,-335.9094,-331.7715,-340.0286,2,"canada"
"685","2018","0411",-323.2367,-348.0569,-316.2978,-341.118,2,"canada"
"686","2018","126",-312.7498,-343.3012,-311.654,-342.2053,1,"canada"
"687","2018","2027",-319.3541,-345.8002,-316.7346,-343.1807,2,"canada"
"688","2018","2877",-326.2012,-342.7087,-327.7542,-344.2618,2,"canada"
"689","2018","3699",-335.3952,-341.6163,-339.1079,-345.3289,1,"canada"
"690","2018","4548",-348.4843,-344.7353,-350.2179,-346.4689,1,"canada"
"691","2018","537",-360.2843,-346.3774,-361.5187,-347.6118,2,"canada"
"692","2018","6219",-367.3626,-342.9317,-373.2638,-348.8329,1,"canada"
"693","2018","7068",-389.3947,-358.9181,-380.5597,-350.0831,1,"canada"
"694","2018","789",0,0,-377.9928,-351.2993,0,"canada"
"695","2018","874",0,0,-364.1832,-352.556,0,"canada"
"696","2018","9562",0,0,-345.5151,-353.7722,0,"canada"
"697","1989","0411",0,0,-70.731,-52.3529,0,"cbat"
"698","1989","126",0,0,-78.3915,-54.1419,0,"cbat"
"699","1989","2027",0,0,-81.4833,-55.7579,0,"cbat"
"700","1989","2877",0,0,-77.7014,-57.5469,0,"cbat"
"701","1989","3699",-62.9255,-56.0672,-66.1366,-59.2783,1,"cbat"
"702","1989","4548",-47.535,-58.5163,-50.0841,-61.0654,1,"cbat"
"703","1989","537",0,0,-37.7412,-62.7864,0,"cbat"
"704","1989","6219",-28.8577,-58.9113,-34.4912,-64.5448,1,"cbat"
"705","1989","7068",-40.765,-65.1955,-41.8338,-66.2642,1,"cbat"
"706","1989","789",0,0,-54.9676,-67.8662,0,"cbat"
"707","1989","874",-76.025,-76.1776,-69.2769,-69.4295,1,"cbat"
"708","1989","9562",0,0,-80.9346,-70.8271,0,"cbat"
"709","1990","0411",-102.2496,-83.8714,-90.5119,-72.1338,1,"cbat"
"710","1990","126",0,0,-97.5483,-73.2988,0,"cbat"
"711","1990","2027",0,0,-99.9655,-74.24,0,"cbat"
"712","1990","2877",0,0,-95.3265,-75.172,0,"cbat"
"713","1990","3699",0,0,-82.8348,-75.9765,0,"cbat"
"714","1990","4548",0,0,-65.7395,-76.7208,0,"cbat"
"715","1990","537",0,0,-52.3246,-77.3698,0,"cbat"
"716","1990","6219",0,0,-47.9269,-77.9804,0,"cbat"
"717","1990","7068",0,0,-54.1135,-78.5439,0,"cbat"
"718","1990","789",0,0,-66.1588,-79.0574,0,"cbat"
"719","1990","874",0,0,-79.4163,-79.5688,0,"cbat"
"720","1990","9562",-86.1955,-76.0879,-90.1657,-80.0582,2,"cbat"
"721","1991","0411",0,0,-98.9456,-80.5674,0,"cbat"
"722","1991","126",-106.2201,-81.9706,-105.3273,-81.0778,1,"cbat"
"723","1991","2027",-104.463,-78.7375,-107.2616,-81.5361,1,"cbat"
"724","1991","2877",-102.6567,-82.5022,-102.1908,-82.0363,3,"cbat"
"725","1991","3699",-86.9302,-80.0718,-89.3629,-82.5045,2,"cbat"
"726","1991","4548",-69.6486,-80.6299,-71.9767,-82.958,2,"cbat"
"727","1991","537",-75.4663,-100.5115,-58.304,-83.3492,1,"cbat"
"728","1991","6219",-54.6366,-84.6901,-53.6315,-83.685,2,"cbat"
"729","1991","7068",-67.5982,-92.0286,-59.518,-83.9485,1,"cbat"
"730","1991","789",-72.8869,-85.7855,-71.2487,-84.1473,3,"cbat"
"731","1991","874",-84.5388,-84.6914,-84.1787,-84.3313,1,"cbat"
"732","1991","9562",-95.42,-85.3125,-94.6391,-84.5315,1,"cbat"
"733","1992","041",-101.0797,-82.7112,-103.1758,-84.8073,2,"cbat"
"734","1992","1257",-108.2567,-84.024,-109.4295,-85.1968,3,"cbat"
"735","1992","2049",-105.12,-79.4321,-111.386,-85.6981,4,"cbat"
"736","1992","2896",-100.557,-80.6332,-106.3253,-86.4014,2,"cbat"
"737","1992","3716",-93.0216,-86.5055,-93.7516,-87.2355,2,"cbat"
"738","1992","4563",-74.2828,-85.57,-76.9272,-88.2144,2,"cbat"
"739","1992","5383",-68.2132,-93.414,-64.0198,-89.2205,2,"cbat"
"740","1992","623",-71.5198,-101.5644,-60.2139,-90.2585,2,"cbat"
"741","1992","7077",0,0,-66.9038,-91.2417,0,"cbat"
"742","1992","7896",-76.9791,-89.7887,-79.3128,-92.1225,3,"cbat"
"743","1992","8743",0,0,-92.8591,-92.9636,0,"cbat"
"744","1992","9563",-114.0528,-103.9321,-103.8285,-93.7078,3,"cbat"
"745","1993","0411",-108.6168,-90.2387,-112.7786,-94.4005,2,"cbat"
"746","1993","126",-114.387,-90.1374,-119.2978,-95.0482,2,"cbat"
"747","1993","2027",-113.4864,-87.7609,-121.3494,-95.6239,2,"cbat"
"748","1993","2877",-120.7618,-100.6073,-116.4225,-96.268,3,"cbat"
"749","1993","3699",-100.106,-93.2476,-103.7554,-96.8971,5,"cbat"
"750","1993","4548",-82.1225,-93.1037,-86.5715,-97.5528,3,"cbat"
"751","1993","537",-77.7904,-102.8356,-73.1274,-98.1725,6,"cbat"
"752","1993","6219",-67.1345,-97.188,-68.7047,-98.7583,2,"cbat"
"753","1993","7068",-81.17,-105.6004,-74.8411,-99.2716,2,"cbat"
"754","1993","789",-89.9477,-102.8463,-86.8036,-99.7022,3,"cbat"
"755","1993","874",-94.2664,-94.419,-99.9519,-100.1045,2,"cbat"
"756","1993","9562",-110.626,-100.5185,-110.5945,-100.487,1,"cbat"
"757","1994","0411",-118.2328,-99.8546,-119.2746,-100.8964,3,"cbat"
"758","1994","126",-127.8511,-103.6016,-125.5867,-101.3372,2,"cbat"
"759","1994","2027",-122.7354,-97.01,-127.4991,-101.7737,3,"cbat"
"760","1994","2877",-123.0148,-102.8604,-122.4676,-102.3132,4,"cbat"
"761","1994","3699",-112.7785,-105.9202,-109.7474,-102.889,3,"cbat"
"762","1994","4548",-87.9604,-98.9417,-92.5539,-103.5351,3,"cbat"
"763","1994","537",-77.3764,-102.4215,-79.1657,-104.2109,4,"cbat"
"764","1994","6219",-69.7487,-99.8023,-74.8899,-104.9434,3,"cbat"
"765","1994","7068",-81.0853,-105.5158,-81.2444,-105.6748,3,"cbat"
"766","1994","789",-94.8239,-107.7224,-93.4257,-106.3243,5,"cbat"
"767","1994","874",-115.0671,-115.2197,-106.7182,-106.8708,4,"cbat"
"768","1994","9562",-124.8541,-114.7466,-117.3455,-107.2379,3,"cbat"
"769","1995","0411",-130.9582,-112.5801,-125.8513,-107.4731,3,"cbat"
"770","1995","126",-123.4917,-99.2422,-131.8875,-107.638,2,"cbat"
"771","1995","2027",-131.7837,-106.0582,-133.5359,-107.8105,2,"cbat"
"772","1995","2877",-120.5398,-100.3853,-128.2557,-108.1013,3,"cbat"
"773","1995","3699",-111.6623,-104.804,-115.3913,-108.533,3,"cbat"
"774","1995","4548",-101.3183,-112.2995,-98.1736,-109.1549,3,"cbat"
"775","1995","537",-80.4849,-105.5301,-84.871,-109.9161,3,"cbat"
"776","1995","6219",-84.4724,-114.5259,-80.8071,-110.8606,2,"cbat"
"777","1995","7068",-85.7299,-110.1603,-87.5195,-111.9499,5,"cbat"
"778","1995","789",-95.4901,-108.3887,-100.2274,-113.126,2,"cbat"
"779","1995","874",-105.9914,-106.144,-114.289,-114.4416,1,"cbat"
"780","1995","9562",-138.131,-128.0234,-125.8779,-115.7703,1,"cbat"
"781","1996","041",-138.3651,-119.9965,-135.508,-117.1394,4,"cbat"
"782","1996","1257",-145.7946,-121.5618,-142.6983,-118.4656,3,"cbat"
"783","1996","2049",-146.8165,-121.1286,-145.3343,-119.6464,2,"cbat"
"784","1996","2896",-135.4975,-115.5736,-140.7607,-120.8369,3,"cbat"
"785","1996","3716",-126.4735,-119.9574,-128.4346,-121.9184,4,"cbat"
"786","1996","4563",-121.5645,-132.8516,-111.6471,-122.9342,2,"cbat"
"787","1996","5383",0,0,-98.5778,-123.7786,0,"cbat"
"788","1996","623",-99.486,-129.5306,-94.4532,-124.4978,4,"cbat"
"789","1996","7077",-98.8852,-123.2231,-100.7407,-125.0786,3,"cbat"
"790","1996","7896",-114.6899,-127.4995,-112.7376,-125.5472,2,"cbat"
"791","1996","8743",-118.7587,-118.8632,-125.8713,-125.9758,1,"cbat"
"792","1996","9563",-130.9363,-120.8156,-136.4998,-126.379,1,"cbat"
"793","1997","0411",-140.4329,-122.0548,-145.1936,-126.8154,3,"cbat"
"794","1997","126",-155.5011,-131.2516,-151.5332,-127.2837,2,"cbat"
"795","1997","2027",-146.0768,-120.3513,-153.4516,-127.7261,2,"cbat"
"796","1997","2877",-151.4588,-131.3043,-148.3845,-128.23,3,"cbat"
"797","1997","3699",-131.2599,-124.4015,-135.573,-128.7147,2,"cbat"
"798","1997","4548",-120.53,-131.5113,-118.2071,-129.1884,3,"cbat"
"799","1997","537",-111.037,-136.0822,-104.5517,-129.5968,3,"cbat"
"800","1997","6219",-98.0654,-128.119,-99.8981,-129.9517,2,"cbat"
"801","1997","7068",-102.3747,-126.8052,-105.8267,-130.2571,3,"cbat"
"802","1997","789",-121.9529,-134.8515,-117.6268,-130.5254,3,"cbat"
"803","1997","874",-125.6128,-125.7654,-130.6314,-130.784,1,"cbat"
"804","1997","9562",-135.044,-124.9364,-141.1452,-131.0377,1,"cbat"
"805","1998","0411",-147.6649,-129.2868,-149.6964,-131.3183,2,"cbat"
"806","1998","126",-154.9157,-130.6662,-155.8719,-131.6224,2,"cbat"
"807","1998","2027",-157.212,-131.4866,-157.6429,-131.9175,3,"cbat"
"808","1998","2877",-155.2977,-135.1432,-152.4171,-132.2626,2,"cbat"
"809","1998","3699",-141.8305,-134.9722,-139.4725,-132.6141,2,"cbat"
"810","1998","4548",-117.6644,-128.6457,-122.0176,-132.9988,1,"cbat"
"811","1998","537",-101.3911,-126.4363,-108.3526,-133.3978,2,"cbat"
"812","1998","6219",-114.4432,-144.4968,-103.7821,-133.8356,1,"cbat"
"813","1998","7068",-115.3203,-139.7508,-109.849,-134.2794,1,"cbat"
"814","1998","789",-126.5636,-139.4622,-121.8022,-134.7008,1,"cbat"
"815","1998","874",0,0,-134.9797,-135.1323,0,"cbat"
"816","1998","9562",0,0,-145.6684,-135.5609,0,"cbat"
"817","1999","0411",-141.8617,-123.4836,-154.4106,-136.0325,1,"cbat"
"818","1999","126",0,0,-160.7976,-136.548,0,"cbat"
"819","1999","2027",-161.4448,-135.7193,-162.7742,-137.0487,4,"cbat"
"820","1999","2877",-173.7679,-153.6134,-157.7921,-137.6376,1,"cbat"
"821","1999","3699",-138.6054,-131.7471,-145.1035,-138.2452,1,"cbat"
"822","1999","4548",-131.8833,-142.8646,-127.9369,-138.9182,2,"cbat"
"823","1999","537",-110.263,-135.3082,-114.5636,-139.6088,1,"cbat"
"824","1999","6219",-117.0179,-147.0715,-110.3125,-140.3661,1,"cbat"
"825","1999","7068",-120.6444,-145.0748,-116.7488,-141.1793,1,"cbat"
"826","1999","789",-129.189,-142.0876,-129.1415,-142.0401,2,"cbat"
"827","1999","874",-133.6802,-133.8327,-142.8832,-143.0358,1,"cbat"
"828","1999","9562",-146.7087,-136.6012,-154.2366,-144.1291,1,"cbat"
"829","2000","041",-161.5262,-143.1576,-163.7736,-145.405,1,"cbat"
"830","2000","1257",-168.1847,-143.9519,-171.0626,-146.8299,3,"cbat"
"831","2000","2049",-173.8267,-148.1387,-173.9726,-148.2847,2,"cbat"
"832","2000","2896",-166.6662,-146.7423,-169.8642,-149.9404,2,"cbat"
"833","2000","3716",-156.8134,-150.2972,-158.1207,-151.6045,5,"cbat"
"834","2000","4563",-143.3614,-154.6485,-142.0492,-153.3364,4,"cbat"
"835","2000","5383",-130.5951,-155.7958,-129.7731,-154.9739,4,"cbat"
"836","2000","623",-132.4728,-162.5174,-126.5401,-156.5847,3,"cbat"
"837","2000","7077",-131.9157,-156.2536,-133.7352,-158.0731,2,"cbat"
"838","2000","7896",-147.6371,-160.4467,-146.5751,-159.3848,3,"cbat"
"839","2000","8743",-161.725,-161.8295,-160.4964,-160.6009,2,"cbat"
"840","2000","9563",-172.7582,-162.6375,-171.7627,-161.6419,1,"cbat"
"841","2001","0411",-182.629,-164.2509,-180.9601,-162.582,1,"cbat"
"842","2001","126",-188.6213,-164.3718,-187.6378,-163.3883,2,"cbat"
"843","2001","2027",-197.342,-171.6165,-189.7351,-164.0096,2,"cbat"
"844","2001","2877",-186.2111,-166.0566,-184.7512,-164.5967,2,"cbat"
"845","2001","3699",-159.3053,-152.4469,-171.9567,-165.0983,3,"cbat"
"846","2001","4548",-156.7603,-167.7416,-154.6055,-165.5868,2,"cbat"
"847","2001","537",-145.0186,-170.0638,-140.9782,-166.0234,2,"cbat"
"848","2001","6219",-141.8073,-171.8609,-136.3654,-166.419,2,"cbat"
"849","2001","7068",-145.6166,-170.0471,-142.3228,-166.7532,1,"cbat"
"850","2001","789",-157.6033,-170.5019,-154.1325,-167.0311,2,"cbat"
"851","2001","874",-164.8927,-165.0453,-167.1461,-167.2987,1,"cbat"
"852","2001","9562",-176.1858,-166.0783,-177.6791,-167.5716,3,"cbat"
"853","2002","0411",-188.5289,-170.1507,-186.2842,-167.9061,1,"cbat"
"854","2002","126",0,0,-192.5759,-168.3264,0,"cbat"
"855","2002","2027",-186.9881,-161.2626,-194.5318,-168.8063,2,"cbat"
"856","2002","2877",-175.8849,-155.7305,-189.6266,-169.4721,2,"cbat"
"857","2002","3699",-180.2968,-173.4385,-177.0972,-170.2389,2,"cbat"
"858","2002","4548",-170.724,-181.7053,-160.1191,-171.1004,4,"cbat"
"859","2002","537",-136.5453,-161.5905,-146.9212,-171.9663,2,"cbat"
"860","2002","6219",-138.8894,-168.943,-142.8633,-172.9168,1,"cbat"
"861","2002","7068",-147.1448,-171.5752,-149.5032,-173.9337,2,"cbat"
"862","2002","789",-162.0997,-174.9982,-162.0749,-174.9735,3,"cbat"
"863","2002","874",0,0,-175.9378,-176.0904,0,"cbat"
"864","2002","9562",-177.1469,-167.0394,-187.2985,-177.1909,1,"cbat"
"865","2003","0411",0,0,-196.7047,-178.3266,0,"cbat"
"866","2003","126",-205.3445,-181.095,-203.6726,-179.4231,3,"cbat"
"867","2003","2027",-209.216,-183.4905,-206.0685,-180.343,2,"cbat"
"868","2003","2877",-202.2933,-182.1388,-201.4037,-181.2492,4,"cbat"
"869","2003","3699",-201.3435,-194.4852,-188.8492,-181.9908,2,"cbat"
"870","2003","4548",-174.0094,-184.9907,-171.6418,-182.6231,3,"cbat"
"871","2003","537",-156.5736,-181.6188,-158.103,-183.1482,2,"cbat"
"872","2003","6219",-138.7539,-168.8074,-153.6093,-183.6628,2,"cbat"
"873","2003","7068",-161.0412,-185.4717,-159.7821,-184.2126,1,"cbat"
"874","2003","789",-171.9129,-184.8114,-171.8986,-184.7972,1,"cbat"
"875","2003","874",0,0,-185.2971,-185.4497,0,"cbat"
"876","2003","9562",-192.6292,-182.5217,-196.229,-186.1215,2,"cbat"
"877","2004","041",0,0,-205.2147,-186.8461,0,"cbat"
"878","2004","1257",-216.4889,-192.2562,-211.8128,-187.5801,3,"cbat"
"879","2004","2049",-200.5265,-174.8386,-213.9495,-188.2615,1,"cbat"
"880","2004","2896",-223.3006,-203.3768,-208.908,-188.9841,1,"cbat"
"881","2004","3716",-194.4907,-187.9745,-196.1888,-189.6726,2,"cbat"
"882","2004","4563",-181.7204,-193.0075,-179.0851,-190.3723,2,"cbat"
"883","2004","5383",-169.8965,-195.0972,-165.8345,-191.0353,1,"cbat"
"884","2004","623",0,0,-161.6642,-191.7088,0,"cbat"
"885","2004","7077",-159.3898,-183.7277,-168.0526,-192.3905,1,"cbat"
"886","2004","7896",-179.6015,-192.4111,-180.2686,-193.0782,1,"cbat"
"887","2004","8743",0,0,-193.7209,-193.8254,0,"cbat"
"888","2004","9563",-205.6182,-195.4974,-204.7086,-194.5879,1,"cbat"
"889","2005","0411",-207.1909,-188.8128,-213.7991,-195.421,1,"cbat"
"890","2005","126",-221.5433,-197.2937,-220.5543,-196.3048,2,"cbat"
"891","2005","2027",-223.2883,-197.5628,-222.8696,-197.1441,1,"cbat"
"892","2005","2877",-219.3106,-199.1561,-218.2685,-198.114,3,"cbat"
"893","2005","3699",-199.2001,-192.3418,-205.9439,-199.0855,3,"cbat"
"894","2005","4548",-190.6301,-201.6114,-189.1332,-200.1145,2,"cbat"
"895","2005","537",-182.5434,-207.5886,-176.0686,-201.1137,2,"cbat"
"896","2005","6219",-172.7507,-202.8042,-172.0787,-202.1323,3,"cbat"
"897","2005","7068",-185.9765,-210.4069,-178.7026,-203.133,1,"cbat"
"898","2005","789",-189.3263,-202.2249,-191.1863,-204.0849,3,"cbat"
"899","2005","874",0,0,-204.9082,-205.0608,0,"cbat"
"900","2005","9562",-212.6528,-202.5452,-216.1094,-206.0019,1,"cbat"
"901","2006","0411",-222.1842,-203.8061,-225.3474,-206.9692,1,"cbat"
"902","2006","126",-241.7283,-217.4788,-232.1748,-207.9253,1,"cbat"
"903","2006","2027",-233.8439,-208.1184,-234.4983,-208.7729,4,"cbat"
"904","2006","2877",-230.3811,-210.2266,-229.852,-209.6975,2,"cbat"
"905","2006","3699",-219.8777,-213.0194,-217.4468,-210.5884,2,"cbat"
"906","2006","4548",-204.3912,-215.3724,-200.5375,-211.5188,2,"cbat"
"907","2006","537",-180.7859,-205.8311,-187.4068,-212.452,1,"cbat"
"908","2006","6219",-178.696,-208.7495,-183.4272,-213.4808,1,"cbat"
"909","2006","7068",-189.8967,-214.3272,-190.162,-214.5924,2,"cbat"
"910","2006","789",-196.3206,-209.2191,-202.8562,-215.7548,2,"cbat"
"911","2006","874",-210.2823,-210.4348,-216.8941,-217.0467,2,"cbat"
"912","2006","9562",0,0,-228.4703,-218.3628,0,"cbat"
"913","2007","0411",-251.1022,-232.7241,-238.1236,-219.7455,1,"cbat"
"914","2007","126",-244.895,-220.6455,-245.3537,-221.1042,4,"cbat"
"915","2007","2027",-256.9919,-231.2664,-248.0121,-222.2866,1,"cbat"
"916","2007","2877",-250.9757,-230.8212,-243.6753,-223.5209,1,"cbat"
"917","2007","3699",-232.3536,-225.4952,-231.4873,-224.6289,2,"cbat"
"918","2007","4548",-214.0833,-225.0645,-214.7108,-225.6921,2,"cbat"
"919","2007","537",-204.5482,-229.5933,-201.6081,-226.6533,1,"cbat"
"920","2007","6219",-200.0584,-230.112,-197.5352,-227.5887,1,"cbat"
"921","2007","7068",-203.4456,-227.8761,-204.0523,-228.4828,2,"cbat"
"922","2007","789",-211.4848,-224.3834,-216.4323,-229.3309,1,"cbat"
"923","2007","874",0,0,-230.0559,-230.2084,0,"cbat"
"924","2007","9562",-243.1915,-233.0839,-241.1758,-231.0683,1,"cbat"
"925","2008","041",-239.2256,-220.857,-250.3449,-231.9763,1,"cbat"
"926","2008","1257",-252.8317,-228.599,-257.1478,-232.9151,2,"cbat"
"927","2008","2049",0,0,-259.5055,-233.8176,0,"cbat"
"928","2008","2896",-256.1191,-236.1952,-254.7072,-234.7834,1,"cbat"
"929","2008","3716",-244.6075,-238.0913,-242.207,-235.6909,4,"cbat"
"930","2008","4563",-237.458,-248.7451,-225.2944,-236.5815,1,"cbat"
"931","2008","5383",-206.0182,-231.219,-212.1977,-237.3985,2,"cbat"
"932","2008","623",-210.354,-240.3986,-208.1608,-238.2054,2,"cbat"
"933","2008","7077",0,0,-214.6305,-238.9684,0,"cbat"
"934","2008","7896",-235.2953,-248.1049,-226.8551,-239.6647,1,"cbat"
"935","2008","8743",-236.8299,-236.9344,-240.243,-240.3475,1,"cbat"
"936","2008","9563",-252.0165,-241.8958,-251.1093,-240.9885,1,"cbat"
"937","2009","0411",-262.0534,-243.6753,-260.0241,-241.6459,1,"cbat"
"938","2009","126",-265.7929,-241.5434,-266.5636,-242.3141,3,"cbat"
"939","2009","2027",-266.8839,-241.1584,-268.6679,-242.9424,1,"cbat"
"940","2009","2877",-262.308,-242.1535,-263.8367,-243.6822,3,"cbat"
"941","2009","3699",-259.0409,-252.1825,-251.3161,-244.4577,1,"cbat"
"942","2009","4548",-226.7032,-237.6845,-234.3504,-245.3317,2,"cbat"
"943","2009","537",0,0,-221.2064,-246.2516,0,"cbat"
"944","2009","6219",-221.4358,-251.4893,-217.214,-247.2675,1,"cbat"
"945","2009","7068",-225.4827,-249.9132,-223.9043,-248.3348,1,"cbat"
"946","2009","789",-239.274,-252.1725,-236.5098,-249.4084,1,"cbat"
"947","2009","874",-244.08,-244.2326,-250.4063,-250.5589,1,"cbat"
"948","2009","9562",-260.3032,-250.1957,-261.8179,-251.7104,2,"cbat"
"949","2010","0411",0,0,-271.3085,-252.9303,0,"cbat"
"950","2010","126",-265.9335,-241.684,-278.4153,-254.1658,1,"cbat"
"951","2010","2027",-281.6287,-255.9032,-281.0033,-255.2779,4,"cbat"
"952","2010","2877",-279.6518,-259.4973,-276.627,-256.4725,5,"cbat"
"953","2010","3699",-263.459,-256.6007,-264.4266,-257.5682,3,"cbat"
"954","2010","4548",-251.1221,-262.1034,-247.6482,-258.6295,2,"cbat"
"955","2010","537",-234.7731,-259.8183,-234.536,-259.5812,1,"cbat"
"956","2010","6219",-239.6264,-269.68,-230.4333,-260.4869,1,"cbat"
"957","2010","7068",-236.691,-261.1214,-236.887,-261.3175,2,"cbat"
"958","2010","789",-248.8039,-261.7024,-249.1632,-262.0617,2,"cbat"
"959","2010","874",0,0,-262.6381,-262.7907,0,"cbat"
"960","2010","9562",-264.9439,-254.8364,-273.5863,-263.4787,1,"cbat"
"961","2011","0411",0,0,-282.5685,-264.1904,0,"cbat"
"962","2011","126",-288.1292,-263.8796,-289.1581,-264.9086,1,"cbat"
"963","2011","2027",-291.5418,-265.8163,-291.2897,-265.5642,2,"cbat"
"964","2011","2877",-288.0489,-267.8944,-286.4505,-266.296,2,"cbat"
"965","2011","3699",-277.6442,-270.7859,-273.8691,-267.0108,1,"cbat"
"966","2011","4548",-251.9424,-262.9236,-256.7841,-267.7654,1,"cbat"
"967","2011","537",-235.5526,-260.5978,-243.4778,-268.523,1,"cbat"
"968","2011","6219",-237.7439,-267.7975,-239.2858,-269.3393,1,"cbat"
"969","2011","7068",0,0,-245.752,-270.1824,0,"cbat"
"970","2011","789",-259.5701,-272.4687,-258.111,-271.0096,1,"cbat"
"971","2011","874",-274.7175,-274.8701,-271.7093,-271.8618,1,"cbat"
"972","2011","9562",0,0,-282.7821,-272.6746,0,"cbat"
"973","2012","041",-301.3956,-283.027,-291.8637,-273.4952,1,"cbat"
"974","2012","1257",-305.917,-281.6843,-298.5266,-274.2939,1,"cbat"
"975","2012","2049",-306.9126,-281.2247,-300.7241,-275.0362,2,"cbat"
"976","2012","2896",-290.7442,-270.8204,-295.7824,-275.8586,2,"cbat"
"977","2012","3716",-282.0044,-275.4882,-283.2509,-276.7347,2,"cbat"
"978","2012","4563",-256.9954,-268.2826,-266.483,-277.7702,2,"cbat"
"979","2012","5383",-254.208,-279.4088,-253.7244,-278.9252,2,"cbat"
"980","2012","623",-243.0996,-273.1442,-250.2382,-280.2828,2,"cbat"
"981","2012","7077",-253.4397,-277.7776,-257.4587,-281.7967,1,"cbat"
"982","2012","7896",-266.4664,-279.276,-270.5724,-283.382,3,"cbat"
"983","2012","8743",-277.4344,-277.5389,-284.989,-285.0935,2,"cbat"
"984","2012","9563",-300.4209,-290.3002,-296.8702,-286.7495,2,"cbat"
"985","2013","0411",-317.6285,-299.2504,-306.7456,-288.3675,2,"cbat"
"986","2013","126",-326.5029,-302.2533,-314.0449,-289.7954,2,"cbat"
"987","2013","2027",-323.3584,-297.6329,-316.5964,-290.871,1,"cbat"
"988","2013","2877",-316.6532,-296.4987,-311.9791,-291.8246,4,"cbat"
"989","2013","3699",-301.2578,-294.3995,-299.3999,-292.5415,4,"cbat"
"990","2013","4548",-275.6946,-286.6759,-282.1463,-293.1276,2,"cbat"
"991","2013","537",-267.3283,-292.3734,-268.5559,-293.6011,3,"cbat"
"992","2013","6219",-267.9773,-298.0309,-263.9958,-294.0494,1,"cbat"
"993","2013","7068",-261.0447,-285.4752,-270.0749,-294.5054,2,"cbat"
"994","2013","789",-276.4029,-289.3015,-282.0991,-294.9977,2,"cbat"
"995","2013","874",0,0,-295.4169,-295.5695,0,"cbat"
"996","2013","9562",-312.403,-302.2954,-306.2844,-296.1768,2,"cbat"
"997","2014","0411",-302.5284,-284.1503,-315.2356,-296.8574,1,"cbat"
"998","2014","126",-318.0026,-293.7531,-321.8548,-297.6052,2,"cbat"
"999","2014","2027",-322.9933,-297.2679,-324.0629,-298.3375,3,"cbat"
"1000","2014","2877",-327.949,-307.7945,-319.3404,-299.1859,2,"cbat"
"1001","2014","3699",-306.581,-299.7227,-306.8755,-300.0171,2,"cbat"
"1002","2014","4548",-293.2499,-304.2312,-289.8978,-300.879,3,"cbat"
"1003","2014","537",-271.4664,-296.5116,-276.6792,-301.7244,3,"cbat"
"1004","2014","6219",-270.2937,-300.3472,-272.5714,-302.6249,2,"cbat"
"1005","2014","7068",-278.9035,-303.3339,-279.1118,-303.5423,2,"cbat"
"1006","2014","789",-296.3949,-309.2935,-291.5242,-304.4228,2,"cbat"
"1007","2014","874",-304.2889,-304.4415,-305.1533,-305.3059,2,"cbat"
"1008","2014","9562",-317.7492,-307.6417,-316.2416,-306.1341,2,"cbat"
"1009","2015","0411",0,0,-325.3399,-306.9618,0,"cbat"
"1010","2015","126",-333.8031,-309.5536,-332.0115,-307.762,2,"cbat"
"1011","2015","2027",-323.979,-298.2535,-334.189,-308.4636,1,"cbat"
"1012","2015","2877",-332.3526,-312.1981,-329.3771,-309.2226,3,"cbat"
"1013","2015","3699",-325.3003,-318.442,-316.8,-309.9416,3,"cbat"
"1014","2015","4548",-287.7444,-298.7256,-299.7043,-310.6856,1,"cbat"
"1015","2015","537",-281.2171,-306.2623,-286.4085,-311.4537,3,"cbat"
"1016","2015","6219",-267.217,-297.2705,-282.2688,-312.3223,1,"cbat"
"1017","2015","7068",-297.7494,-322.1799,-288.8335,-313.264,2,"cbat"
"1018","2015","789",-299.0799,-311.9785,-301.3334,-314.2319,2,"cbat"
"1019","2015","874",-314.3139,-314.4665,-315.1402,-315.2928,2,"cbat"
"1020","2015","9562",-330.8091,-320.7016,-326.4841,-316.3766,1,"cbat"
"1021","2016","041",-330.8885,-312.5199,-335.9196,-317.551,2,"cbat"
"1022","2016","1257",0,0,-343.0162,-318.7835,0,"cbat"
"1023","2016","2049",-343.5984,-317.9105,-345.6684,-319.9804,3,"cbat"
"1024","2016","2896",-345.4364,-325.5125,-341.2046,-321.2808,2,"cbat"
"1025","2016","3716",-335.9789,-329.4628,-329.0375,-322.5213,1,"cbat"
"1026","2016","4563",-311.0994,-322.3866,-312.4683,-323.7554,3,"cbat"
"1027","2016","5383",-298.8068,-324.0076,-299.7008,-324.9016,2,"cbat"
"1028","2016","623",-299.9357,-329.9803,-295.9865,-326.031,2,"cbat"
"1029","2016","7077",-300.7467,-325.0846,-302.7605,-327.0985,1,"cbat"
"1030","2016","7896",-321.204,-334.0136,-315.2673,-328.077,1,"cbat"
"1031","2016","8743",-325.2657,-325.3702,-328.9361,-329.0406,2,"cbat"
"1032","2016","9563",-337.6439,-327.5232,-340.0566,-329.9359,1,"cbat"
"1033","2017","0411",-349.3511,-330.973,-349.2017,-330.8236,1,"cbat"
"1034","2017","126",-359.5898,-335.3403,-355.9178,-331.6682,3,"cbat"
"1035","2017","2027",-346.1671,-320.4416,-358.1145,-332.389,1,"cbat"
"1036","2017","2877",-365.2826,-345.1281,-353.301,-333.1465,2,"cbat"
"1037","2017","3699",-341.7106,-334.8522,-340.6978,-333.8395,1,"cbat"
"1038","2017","4548",-323.0053,-333.9866,-323.5548,-334.536,2,"cbat"
"1039","2017","537",-298.744,-323.7892,-310.1942,-335.2394,2,"cbat"
"1040","2017","6219",-305.0462,-335.0998,-305.9891,-336.0426,2,"cbat"
"1041","2017","7068",-311.5115,-335.942,-312.5044,-336.9348,1,"cbat"
"1042","2017","789",-322.5717,-335.4703,-324.9741,-337.8727,2,"cbat"
"1043","2017","874",-338.5416,-338.6942,-338.7517,-338.9042,1,"cbat"
"1044","2017","9562",0,0,-350.05,-339.9425,0,"cbat"
"1045","2018","0411",-362.9036,-344.5255,-359.4116,-341.0335,1,"cbat"
"1046","2018","126",-375.1982,-350.9486,-366.3712,-342.1217,2,"cbat"
"1047","2018","2027",-368.992,-343.2665,-368.8165,-343.0911,2,"cbat"
"1048","2018","2877",-352.869,-332.7145,-364.3131,-344.1586,1,"cbat"
"1049","2018","3699",-360.4169,-353.5585,-352.0611,-345.2027,2,"cbat"
"1050","2018","4548",-328.4526,-339.4339,-335.3208,-346.3021,2,"cbat"
"1051","2018","537",-305.0803,-330.1255,-322.3581,-347.4032,1,"cbat"
"1052","2018","6219",-321.899,-351.9525,-318.5295,-348.583,2,"cbat"
"1053","2018","7068",-336.0867,-360.5171,-325.355,-349.7855,1,"cbat"
"1054","2018","789",-335.0995,-347.9981,-338.0547,-350.9533,1,"cbat"
"1055","2018","874",0,0,-352.0073,-352.1599,0,"cbat"
"1056","2018","9562",0,0,-363.435,-353.3275,0,"cbat"
